{
  "features": [
    "1",
    "L",
    "e",
    "n",
    "L2",
    "e2",
    "n2",
    "L*e",
    "L*n",
    "e*n"
  ],
  "weights": [
    15.147415357525317,
    -0.023403152260050353,
    -0.0006537050005914953,
    26.72337845733084,
    3.6557293866117654e-05,
    -0.13619158981406,
    -52.17757434164896,
    -0.003061911961033644,
    0.8806962093234514,
    -4.648248969368504
  ],
  "ranges": {
    "L_nm": [
      500,
      900
    ],
    "eps_m_real": [
      -36,
      -4
    ],
    "n_d": [
      1.0,
      1.5
    ]
  },
  "note": "Polynomial regression surrogate fitted to planar-coupling model (Eq 2.3.18)"
}